Massachusetts Institute of Technology (MIT),100
Stanford University,98.4
Harvard University,97.4
University of Oxford,97.2
California Institute of Technology (Caltech),96.9
ETH Zurich (Swiss Federal Institute of Technology),95.9
University of Cambridge,95
UCL (University College London),94.8
Imperial College London,94.1
University of Chicago,92
Nanyang Technological University (NTU),91.8
National University of Singapore (NUS),91.8
Princeton University,90.9
Cornell University,89.3
University of Pennsylvania,88.9
Tsinghua University,88.6
Yale University,87.7
Columbia University,87.4
Ecole Polytechnique FÈdÈrale de Lausanne (EPFL),87.4
University of Edinburgh,86.2
University of Michigan,86
Peking University,84.3
The University of Tokyo,84.3
Johns Hopkins University,83.9
Duke University,83.8
University of Hong Kong (HKU),83.8
The University of Manchester,82.7
"University of California, Berkeley (UCB)",82.6
Australian National University (ANU),82.1
University of Toronto,82.1
Northwestern University,81.5
The Hong Kong University of Science and Technology (HKUST),80.6
King's College London (KCL),80.5
Kyoto University,80.5
McGill University,80.4
"University of California, Los Angeles (UCLA)",80.4
Seoul National University (SNU),79.6
The University of Melbourne,79.5
New York University (NYU),78.8
Fudan University,78.6
KAIST - Korea Advanced Institute of Science and Technology,77.9
The University of Sydney,77.8
The University of New South Wales (UNSW),77.1
London School of Economics and Political Science (LSE),77
"University of California, San Diego (UCSD)",76.6
The Chinese University of Hong Kong (CUHK),75.9
The University of Queensland (UQ),75.7
Carnegie Mellon University,74.8
University of Bristol,74.5
Delft University of Technology,74.2
University of British Columbia,74.1
City University of Hong Kong,73.6
UniversitÈ PSL (Paris Sciences & Lettres),73.4
Zhejiang University,72.4
Technische Universit‰t M¸nchen,72.3
University of Wisconsin-Madison,71.8
Brown University,71.5
Monash University,70.9
Tokyo Institute of Technology,70.9
Ecole Polytechnique,70.5
Shanghai Jiao Tong University,70.5
The University of Warwick,70.4
Ludwig-Maximilians-Universit‰t M¸nchen,69.6
University of Amsterdam,69
University of Texas at Austin,68.6
Ruprecht-Karls-Universit‰t Heidelberg,68.4
University of Glasgow,68.2
University of Washington,67.9
National Taiwan University (NTU),67.3
Universiti Malaya (UM),67.1
Osaka University,66.5
Georgia Institute of Technology (Georgia Tech),66.2
Universidad de Buenos Aires,66
University of Illinois at Urbana-Champaign,65.9
University of Zurich,65.8
Sorbonne University,64.9
Durham University,64.2
The University of Sheffield,64.2
Katholieke Universiteit Leuven,64.1
University of Birmingham,64
University of Copenhagen,63.8
Tohoku University,63.7
Korea University,63.4
The University of Auckland,63.4
Lomonosov Moscow State University,63.2
Rice University,63.1
The University of Western Australia (UWA),62.9
Pohang University of Science and Technology (POSTECH),62.6
University of Science and Technology of China,62.3
"University of North Carolina, Chapel Hill",62.2
The Hong Kong Polytechnic University,61.9
Lund University,61.8
Pennsylvania State University,61.7
University of Leeds,61.7
Sungkyunkwan University,61
The University of Nottingham,60.8
University of Southampton,60.6
Boston University,60.5
"KTH, Royal Institute of Technology",60.5
University of St Andrews,59.9
Ohio State University,59.5
Eindhoven University of Technology,58.9
Universidad Nacional AutÛnoma de MÈxico (UNAM),58.8
"University of California, Davis (UCD)",58.7
Yonsei University,58.7
The University of Adelaide,58.6
University of Helsinki,58.4
Trinity College Dublin (TCD),58.3
Washington University in St. Louis,58.3
University of Geneva,58.1
Purdue University,57.8
Technical University of Denmark,57.4
University of Alberta,57.3
University of Groningen,56.1
Nagoya University,55.8
Universidade de S„o Paulo (USP),55.5
Uppsala University,55.5
Leiden University,55.4
University of Oslo,54.7
Humboldt-Universit‰t zu Berlin,54.5
Nanjing University,54.5
Utrecht University,54.5
University of Bern,54.3
"KIT, Karlsruher Institut f¸r Technologie",54.2
Chalmers University of Technology,54
Wageningen University,54
Queen Mary University of London (QMUL),53.9
Pontificia Universidad CatÛlica de Chile,53.4
Lancaster University,53.2
University of Southern California,53.1
Freie Universit‰t Berlin,53
University of Ghent,53
Hokkaido University,52.9
Kyushu University,52.9
Aalto University,52.4
"University of California, Santa Barbara (UCSB)",52.3
"University of Maryland, College Park",52.1
UniversitÈ de MontrÈal,52
Rheinisch-Westf‰lische Technische Hochschule Aachen,51.9
CentraleSupÈlec,51.4
McMaster University,51.2
University of Pittsburgh,51.2
University of Technology Sydney (UTS),51.2
Michigan State University,51.1
Aarhus University,51
Newcastle University,50.9
Technische Universit‰t Berlin,50.6
University of York,50.5
Politecnico di Milano,50.4
Hanyang University,50.3
University of Basel,50
Indian Institute of Technology Bombay (IITB),49.4
University of Lausanne,49.2
Cardiff University,49
Universit‰t Wien,49
Emory University,48.6
University of Minnesota,48.6
TecnolÛgico de Monterrey (ITESM),48.5
Universiti Putra Malaysia (UPM),48.4
Ecole Normale SupÈrieure de Lyon,48.3
Universiti Kebangsaan Malaysia (UKM),48.3
Hebrew University of Jerusalem,48.2
University of Bergen,48.1
University of Exeter,48.1
Universitat de Barcelona (UB),47.9
Universiti Sains Malaysia (USM),47.9
Case Western Reserve University,47.8
UniversitÈ Catholique de Louvain (UCL),47.7
University of Florida,47.7
Eberhard Karls Universit‰t T¸bingen,47.3
Universit‰t Freiburg,47.3
University of Rochester,47.3
University of Bath,47
National Tsing Hua University,46.8
Queen's University of Belfast,46.8
University of Waterloo,46.8
University of Otago,46.7
Scuola Superiore Sant'Anna Pisa,46.6
Universit‡ di Bologna (UNIBO),46.6
Technische Universit‰t Dresden,46.4
University of Liverpool,46.3
Indian Institute of Technology Delhi (IITD),46.2
Erasmus University Rotterdam,46.1
Indian Institute of Science (IISc) Bangalore,45.9
University College Dublin (UCD),45.6
King Abdul Aziz University (KAU),45.2
University of Twente,45.2
Universitat AutÛnoma de Barcelona,45.1
Texas A&M University,45
Universidad de Chile,45
Stockholm University,44.8
Technische Universit‰t Wien,44.7
Universidad AutÛnoma de Madrid,44.7
University of Aberdeen,44.6
Vrije Universiteit Brussel (VUB),44.5
Georg-August-Universit‰t Gˆttingen,44.2
University of Cape Town,44.1
University of Virginia,44.1
Keio University,44
King Fahd University of Petroleum & Minerals (KFUPM),44
Vanderbilt University,44
Waseda University,43.7
Sapienza - Universit‡ di Roma,43.5
Scuola Normale Superiore di Pisa,43.4
University of Reading,43.3
University of Colorado at Boulder,43.2
Al-Farabi Kazakh National University,43.1
Dartmouth College,43.1
University of Newcastle,43.1
University of Notre Dame,42.9
Western University,42.8
Universidad Complutense de Madrid (UCM),42.7
University of Wollongong,42.7
Universidade Estadual de Campinas (Unicamp),42.1
Arizona State University,42
Victoria University of Wellington,42
Radboud University Nijmegen,41.4
Universiti Teknologi Malaysia (UTM),41.4
Tel Aviv University,41.3
"University of California, Irvine (UCI)",41.3
Vrije Universiteit Amsterdam,41.3
Loughborough University,41.2
University of Antwerp,40.9
Queensland University of Technology (QUT),40.7
TELECOM ParisTech,40.7
National Cheng Kung University,40.4
Georgetown University,40.1
National Chiao Tung University,40
Universit‰t Hamburg,40
University of Canterbury,40
Curtin University,39.9
Novosibirsk State University,39.8
"University of Illinois, Chicago (UIC)",39.8
University of Calgary,39.7
Saint-Petersburg State University,39.6
Universidad de Los Andes Colombia,39.6
Universit‡ degli Studi di Padova (UNIPD),39.6
Macquarie University,39.5
RMIT University,39.2
Maastricht University,39
Queen's University,39
University of Leicester,39
Sciences Po Paris,38.9
Rheinische Friedrich-Wilhelms-Universit‰t Bonn,38.8
American University of Beirut (AUB),38.7
Universidad de Navarra,38.5
University of Sussex,38.4
Chulalongkorn University,38.3
Kyung Hee University,38.3
Ecole des Ponts ParisTech,37.8
National Taiwan University of Science and Technology,37.6
UniversitÈ Libre de Bruxelles (ULB),37.6
Tufts University,37.5
Universidad Nacional de Colombia,37.5
University of Paris,37.5
University of Gothenburg,37.3
Technion - Israel Institute of Technology,37.2
Wuhan University,37.2
"National University of Ireland, Galway (NUIG)",37.1
Technische Universit‰t Darmstadt,37
Hong Kong Baptist University (HKBU),36.9
"Rutgers - The State University of New Jersey, New Brunswick",36.8
UniversitÈ Paris-Sud 11,36.8
University of Arizona,36.8
Tongji University,36.7
Universit‰t Innsbruck,36.6
University of Waikato,36.6
Khalifa University,36.5
Tomsk State University,36.5
University of Tsukuba,36.3
Deakin University,36.1
Indian Institute of Technology Madras (IITM),36.1
University of Miami,36.1
University of South Australia (UniSA),35.9
University of Surrey,35.9
Qatar University,35.8
Beijing Normal University,35.7
Harbin Institute of Technology,35.7
Universit‰t Stuttgart,35.6
Dalhousie University,35.4
Indian Institute of Technology Kharagpur (IITKGP),35.2
King Saud University (KSU),35.2
University of Ottawa,35.2
Bauman Moscow State Technical University,35.1
North Carolina State University,35
Universitat Pompeu Fabra,35
Massey University,34.9
National Yang Ming University,34.9
Sun Yat-sen University,34.9
University of Turku,34.9
Charles University,34.8
Indian Institute of Technology Kanpur (IITK),34.8
Royal Holloway University of London,34.8
Universit‰t Frankfurt am Main,34.8
University of Tasmania,34.8
University of Indonesia,34.7
University of Strathclyde,34.7
Universidad Carlos III de Madrid,34.6
Universiti Brunei Darussalam (UBD),34.6
Universitat PolitËcnica de Catalunya,34.5
University of Tartu,34.4
Moscow Institute of Physics and Technology State University,34.3
Universit‡ degli Studi di Milano,34.3
University of Dundee,34.3
UniversitÈ Paris 1 PanthÈon-Sorbonne,34.2
"University of Massachusetts, Amherst",34.2
Xi'an Jiaotong University,34.1
Universit‰t Kˆln,34
"SOAS - School of Oriental and African Studies, University of London",33.9
University College Cork (UCC),33.7
Technische Universit‰t Graz,33.6
ENS Paris-Saclay,33.5
Indiana University Bloomington,33.5
Heriot-Watt University,33.4
Mahidol University,33.4
Simon Fraser University,33.4
Universit‰t Mannheim,33.4
University of East Anglia (UEA),33.4
Universit‰t Erlangen-N¸rnberg,33.3
Griffith University,33.2
Universitas Gadjah Mada,33.2
Gwangju Institute of Science and Technology (GIST),33.1
National Research University - Higher School of Economics (HSE),33.1
Aalborg University,33
Linkˆping University,33
University of Hawaii at M?Ånoa,32.9
Virginia Polytechnic Institute (Virginia Tech),32.7
"Birkbeck College, University of London",32.6
"National Research Nuclear University ""MEPhI"" (Moscow Engineering Physics Institute)",32.4
United Arab Emirates University,32.4
Bandung Institute of Technology (ITB),32.3
Ewha Womans University,32.3
National Taiwan Normal University,32.3
Hiroshima University,32.2
IE University,32.1
George Washington University,32
Universidad Politecnica de Valencia,32
Jagiellonian University,31.9
University of Lisbon,31.9
UmeÂ University,31.8
Universit‰t Jena,31.8
Universit‰t Ulm,31.8
University at Buffalo SUNY,31.8
Northeastern University,31.7
Pontificia Universidad CatÛlica Argentina Santa MarÌa de los Buenos Aires (UCA),31.7
University of Jyv‰skyl‰,31.6
Westf‰lische Wilhelms-Universit‰t M¸nster,31.3
Politecnico di Torino,31.2
"City, University of London",31.1
University of Warsaw,31.1
Belarus State University,31
UniversitÈ Grenoble-Alpes (UGA),31
University of Porto,30.9
University of Utah,30.9
"University of Chemistry and Technology, Prague",30.8
Lincoln University,30.7
University of the Philippines,30.7
Universidade Federal do Rio de Janeiro,30.6
Brunel University,30.5
Norwegian University of Science and Technology,30.5
Stony Brook University,30.5
Tokyo Medical and Dental University,30.5
Yeshiva University,30.5
University of Victoria,30.4
Ural Federal University,30.4
Moscow State Institute of International Relations ñ MGIMO University,30.3
"University of California, Santa Cruz (UCSC)",30.2
Nankai University,29.8
University of Kent,29.8
University of Essex,29.7
American University of Sharjah,29.6
Tilburg University,29.6
University of Kansas,29.4
University of Southern Denmark,29.4
University of Oulu,29.3
Pakistan Institute of Engineering and Applied Sciences (PIEAS),29.2
Oxford Brookes University,29.1
James Cook University (JCU),29
University of Connecticut,29
Sultan Qaboos University,28.9
Taipei Medical University,28.9
UniversitÈ de Strasbourg,28.9
Universiti Teknologi Brunei,28.9
Indian Institute of Technology Roorkee (IITR),28.8
Rensselaer Polytechnic Institute,28.8
Swinburne University of Technology,28.8
Universidad de Palermo,28.8
Tomsk Polytechnic University,28.7
University of Macau,28.7
Universit‡ degli Studi di Trento,28.6
Universit‡ di Pisa,28.6
University of Tromso,28.6
Kazan Federal University,28.5
RUDN University,28.5
University of Colorado at Denver,28.5
Kobe University,28.4
Tampere University,28.4
The American University in Cairo,28.4
University of St Gallen (HSG),28.3
Wake Forest University,28.3
Huazhong University of Science and Technology,28.2
La Trobe University,28.2
National University of Sciences and Technology (NUST) Islamabad,28.2
Universidad Austral,28.2
University of The Witwatersrand,28.2
Washington State University,28.2
University of Coimbra,28.1
HUFS ñ Hankuk (Korea) University of Foreign Studies,28
Sharif University of Technology,28
University of Tennessee,28
Johannes Gutenberg Universit‰t Mainz,27.9
National Sun Yat-sen University,27.9
Chung-Ang University,27.8
Johannes Kepler Universit‰t Linz (JKU),27.8
Shanghai University,27.8
Laval University,27.7
"Goldsmiths, University of London",27.6
L.N. Gumilyov Eurasian National University,27.5
Ben Gurion University of The Negev,27.4
Tulane University,27.4
Illinois Institute of Technology,27.3
Universidade Nova de Lisboa,27.3
University of Iowa,27.3
Flinders University,27.2
Universit‡ degli Studi di Napoli Federico II,27.2
Universit‰t Konstanz,27.2
National Central University,27.1
Stellenbosch University,27.1
Dublin City University (DCU),27
Tianjin University,27
University of Liege,27
Boston College,26.7
Ruhr-Universit‰t Bochum,26.7
Universidad de Zaragoza,26.7
Universidad PolitÈcnica de Madrid,26.5
Beijing Institute of Technology,26.4
ITMO University,26.4
Universidad de Belgrano,26.3
Peter the Great St.Petersburg Polytechnic University,26.2
Universidade Federal de S„o Paulo (UNIFESP),26.2
University of Saskatchewan,26.2
Aston University,26
Auckland University of Technology,26
Bond University,26
Chiba University,26
Colorado State University,26
UCSI University,26
Florida State University,25.8
Hitotsubashi University,25.8
Universit‡ degli Studi di Firenze (UNIFI),25.8
KoÁ University,25.7
"National University of Science and Technology ""MISIS""",25.7
Xiamen University,25.7
Dongguk University,25.6
National Technical University of Athens,25.6
Sogang University,25.6
"University of California, Riverside (UCR)",25.6
UniversitÈ de Bordeaux,25.5
Vilnius University,25.5
"University of Maryland, Baltimore County",25.4
Oregon State University,25.3
Beihang University,25.2
Concordia University,25.2
Julius-Maximilians-Universit‰t W¸rzburg,25.2
Swansea University,25.2
The Catholic University of Korea,25.2
University of Science and Technology Beijing,25.2
Brandeis University,25.1
Pontificia Universidad Javeriana,25.1
Shandong University,25.1
Universit‰t des Saarlandes,25.1
Western Sydney University,25.1
Yokohama City University,25.1
Pontificia Universidad CatÛlica del Per˙,25
The University of Georgia,25
University of Delhi,25
Singapore Management University,24.9
Christian-Albrechts-Universit‰t zu Kiel,24.8
University of Stirling,24.8
South China University of Technology,24.7
Universidad Externado de Colombia,24.7
"Universidade Estadual Paulista ""J˙lio de Mesquita Filho""",24.6
Universiti Teknologi Petronas (Petronas),24.6
Aberystwyth University,24.5
Chang Gung University,24.5
Jilin University,24.5
University of Canberra,24.5
Wayne State University,24.5
Amirkabir University of Technology,24.4
Universidad de Santiago de Chile (USACH),24.4
Indian Institute of Technology Guwahati (IITG),24.3
Lappeenranta University of Technology,24.3
M.O.Auezov South Kazakhstan State University,24.3
Universidad de Montevideo,24.3
UniversitÈ Aix-Marseille,24.3
University of Delaware,24.3
V.N. Karazin Kharkiv National University,24.3
Czech Technical University In Prague,24.2
UniversitÈ de Montpellier,24.2
University of Eastern Finland,24.2
Bilkent University,24
Institut National des Sciences AppliquÈes de Lyon (INSA),23
King Khalid University,22
Southeast University,23
Umm Al-Qura University (UQU),24
Universidad de Alcal·,22
Universidad de la Habana,23
University of Johannesburg,22
University of Szeged,24
University of Texas Dallas,22
Iowa State University,24
Martin-Luther-Universit‰t Halle-Wittenberg,22
National Taipei University of Technology,24
Quaid-i-azam University,23
Taylor's University,24
Universidad de Costa Rica,23
Universidad de Granada,24
Universit‡ Cattolica del Sacro Cuore,23
Universit· degli Studi di Roma - Tor Vergata,24
UniversitÈ Paul Sabatier Toulouse III,24
University of Ulsan,24
York University,23
Bangor University,23
Cairo University,23
Inha University,24
Justus-Liebig-Universit‰t Gieﬂen,22
National Research Saratov State University,24
Pusan National University,23
Sabanci University,23
Technische Universit‰t Braunschweig,22
Universit‰t Bremen,24
University of Limerick (UL),24
Warsaw University of Technology,24
Clark University,22
Coventry University,24
East China Normal University,24
Far Eastern Federal University,22
Kumamoto University,24
Nagasaki University,24
Renmin (Peopleís) University of China,24
Universit‰t Leipzig,24
UniversitÈ PanthÈon-Assas (Paris 2),24
Abo Akademi University,24
Imam Abdulrahman Bin Faisal University (IAU) (formerly University of Dammam),24
Karl-Franzens-Universit‰t Graz,24
Management and Science University,24
Southern Federal University,22
Taras Shevchenko National University of Kyiv,22
Universit‡ degli Studi di Torino (UNITO),24
Universit‰t Bayreuth,22
Bar-Ilan University,23
East China University of Science and Technology,23
Hallym University,24
Lehigh University,24
Masaryk University,24
National Chengchi University,22
Osaka City University,22
Universidad Pontificia Bolivariana,22
University of Aveiro,23
"University of Missouri, Columbia",24
University of Pretoria,23
Aristotle University of Thessaloniki,24
Drexel University,23
Kazakh National Pedagogical University Abai,23
Kazakh National Technical University after K.I.Satpayev,23
New School University,23
Okayama University,24
Universidad Anahuac,22
UniversitÈ du QuÈbec,24
UniversitÈ Saint-Joseph de Beyrouth,24
University of Cincinnati,23
University of Nebraska,24
University of South Carolina at Columbia,22
Chonbuk National University,22
Dalian University of Technology,22
Konkuk University,23
Murdoch University,22
University of Guelph,24
"University of Massachusetts, Boston",23
University of Oklahoma,24
University of Vermont,24
Howard University,22
Kanazawa University,24
Lebanese American University,22
Syracuse University,22
Universit‡ degli Studi di Pavia (UNIPV),24
Universitat de Valencia,22
UniversitÈ de Fribourg,22
University of Balamand,23
"Kingston University, London",24
Lingnan University (Hong Kong),24
Middle East Technical University,22
Universidad Nacional de La Plata,24
Universitat Ramon Llull,23
Universiti Utara Malaysia (UUM),23
University of Ljubljana,24
University of Milano-Bicocca,23
University of Mons,24
Vilnius Gediminas Technical University,24
University of CÙte d'Azur,23
Ajou University,22
American University,23
American University in Dubai,24
Ateneo de Manila University,24
Bogor Agricultural University,23
Central Queensland University,23
Chiang Mai University,23
City University of New York,24
Clarkson University,24
College of William & Mary,22
Gifu University,23
Holy Spirit University of Kaslik,22
Instituto TecnolÛgico de Buenos Aires (ITBA),22
Iran University of Science and Technology,23
Keele University,22
Kyungpook National University,24
Lobachevsky State University of Nizhni Novgorod,24
Michigan Technological University,22
Niigata University,22
Palack˝ University in Olomouc,22
Pontificia Universidade CatÛlica do Rio de Janeiro - PUC - Rio,24
Sichuan University,23
Smith College,22
Tallinn University of Technology,22
Thammasat University,22
Tokyo Metropolitan University,24
Tokyo University of Agriculture and Technology,24
Ulster University,22
Universidad de ConcepciÛn,23
Universidad de Salamanca,23
Universidad de San AndrÈs,23
Universidad de Sevilla,22
Universidad Panamericana (UP),23
Universidad Torcuato Di Tella,23
Universit‰t Duisburg-Essen,22
Universit‰t Regensburg,24
University of Bradford,23
University of Debrecen,24
University of Hyderabad,24
University of Jordan,24
University of Kentucky,23
University of Klagenfurt,23
University of Manitoba,24
University of New Mexico,24
University of Oregon,22
University of Portsmouth,24
University of South Florida,23
University of Tehran,22
Victoria University,23
Virginia Commonwealth University,23
Worcester Polytechnic Institute,24
Airlangga University,23
BogaziÁi ‹niversitesi,24
Brno University of Technology,23
Carleton University,24
Charles Darwin University,22
China Agricultural University,22
Edith Cowan University (ECU),23
Eotvos Lorand University,24
Indiana University-Purdue University Indianapolis,22
Instituto PolitÈcnico Nacional (IPN),22
Instituto TecnolÛgico Autonomo de MÈxico (ITAM),23
International Islamic University Malaysia (IIUM),23
Istanbul Technical University,24
Jadavpur University,22
Jordan University of Science and Technology,24
Kagoshima University,24
Kaohsiung Medical University,24
Kazakh National Agrarian University,24
Leibniz Universit‰t Hannover,22
Louisiana State University,22
Missouri University of Science and Technology,23
National and Kapodistrian University of Athens,24
National Chung Hsing University,24
"National Technical University ""Kharkiv Polytechnic Institute""",24
Osaka Prefecture University,23
Philipps-Universit‰t Marburg,23
Pontificia Universidade CatÛlica de S„o Paulo (PUC-SP),23
"Rutgers - The State University of New Jersey, Newark",24
Samara National Research University (Samara University),22
Sejong University,24
Stevens Institute of Technology,24
Temple University,24
Universidad de Antioquia,22
Universidad del Pais Vasco,22
Universidad Iberoamericana (UIA),23
Universidade de Santiago de Compostela,22
Universidade Federal de Minas Gerais,23
Universidade Federal do Rio Grande Do Sul,23
Universit‡ degli Studi di Genova,24
Universit‰t Hohenheim,24
UniversitÈ Claude Bernard Lyon 1,23
UniversitÈ de Sherbrooke,22
Universiti Teknologi MARA (UiTM),23
University of Denver,22
University of Haifa,23
University of Houston,22
University of Minho,24
University of PÈcs,22
University of Plymouth,22
University of Seoul,24
University of Sharjah,22
University of Westminster,24
University of Windsor,23
Zayed University,24
Abu Dhabi University,23
Beijing Jiaotong University,23
Beijing University of Technology,24
Bournemouth University,23
Central South University,24
Chonnam National University,22
Chungnam National University,24
Clemson University,24
Dankook University,22
Georgia State University,23
Hunan University,22
Kansas State University,22
Lahore University of Management Sciences (LUMS),23
London South Bank University,22
Manipal Academy of Higher Education,22
Maynooth University,24
Memorial University of Newfoundland,22
"National Technical University of Ukraine ""Kyiv Polytechnic Institute""",24
Northumbria University at Newcastle,22
Nottingham Trent University,24
Pontificia Universidad CatÛlica de ValparaÌso,23
Riga Technical University,23
Rovira i Virgili University,24
Shenzhen University,24
Southern Methodist University,23
Sumy State University,24
Universidad Adolfo Ib·Òez,23
Universidad Central de Venezuela (UCV),22
Universidad de Alicante,23
Universidad de Guadalajara (UDG),23
Universidad ICESI,24
Universidade Federal de Santa Catarina,22
Universit‡ degli Studi di Siena (UNISI),24
Universit‡ degli Studi di Trieste (UNITS),24
Universit‰t Potsdam,23
UniversitÈ de Lille,23
University at Albany SUNY,22
University Malaysia Perlis (UniMAP),24
University of Alabama,22
University of Baghdad,23
University of Central Florida,23
University of Greenwich,22
University of Huddersfield,23
University of Hull,23
University of Patras,22
University of Tulsa,22
University of Wyoming,23
Vietnam National University - Ho Chi Minh City (VNU-HCM),24
Yamaguchi University,22
Ajman University,24
Anna University,24
Brigham Young University,22
Chongqing University,22
Comenius University in Bratislava,24
Dublin Institute of Technology (DIT),22
Florida International University,24
Gunma University,24
"Jamia Millia Islamia, New Delhi",23
Kaunas University of Technology,24
Kazakh-British Technical University,24
Lanzhou University,22
London Metropolitan University,22
Loyola University Chicago,24
Manchester Metropolitan University,24
National University Lviv Polytechnic,24
New Jersey Institute of Technology (NJIT),24
O. P. Jindal Global University,23
Oklahoma State University,24
Padjadjaran University,24
Paris Lodron Universit‰t Salzburg,23
Plekhanov Russian University of Economics,23
Shinshu University,23
Slovak University of Technology in Bratislava,22
"Sofia University ""St. Kliment Ohridski""",23
Southern Cross University,22
Sunway University,24
Technical University of Liberec,23
Technische Universit‰t Dortmund,24
Universidad de La Sabana,24
Universidad de las AmÈricas Puebla (UDLAP),22
Universidad de San Francisco de Quito,22
Universidad del Rosario,24
Universit‡ Ca' Foscari Venezia,24
Universit‡ degli Studi di Modena e Reggio Emilia,24
Universit‡ degli Studi di Perugia,22
Universit‰t Bielefeld,23
Universit‰t D¸sseldorf,24
Universit‰t Rostock,23
UniversitÈ de Lorraine,22
Universiti Malaysia Pahang (UMP),22
University of Brescia,24
University of Crete,24
University of East London,22
University of Hertfordshire,23
University of Maribor,23
University of Southern Queensland,24
University of the West of England,23
University of Zagreb,24
Yokohama National University,22
Adam Mickiewicz University,23
AGH University of Science and Technology,24
Ain Shams University,22
Alexandria University,22
"Aligarh Muslim University (AMU), Aligarh",24
Amrita Vishwa Vidyapeetham,23
Ankara ‹niversitesi,23
Assiut University,23
Athens University of Economics and Business,23
Auburn University,24
Australian Catholic University,24
Babes-Bolyai University,23
Baku State University,22
Banaras Hindu University,22
Bangladesh University of Engineering and Technology,24
Baylor University,23
Beijing Foreign Studies University,22
Beirut Arab University,22
Belarusian National Technical University,22
Bina Nusantara University (BINUS),22
Binghamton University SUNY,24
Birla Institute of Technology and Science,24
Birmingham City University (BCU),22
Budapest University of Technology and Economics,24
Canterbury Christ Church University,24
COMSATS Institute of Information Technology,24
Corvinus University of Budapest,24
Cracow University of Technology,24
Czech University of Life Sciences in Prague,22
De La Salle University,24
De Montfort University,23
Diponegoro University,23
E.A.Buketov Karaganda State University,24
Edinburgh Napier University,24
Escuela PolitÈcnica Nacional,24
Escuela Superior PolitÈcnica del Litoral - ESPOL,22
Fordham University,24
Gdansk University of Technology,22
George Mason University,22
German Jordanian University,22
Glasgow Caledonian University,22
Hacettepe University,22
Istanbul University,22
Karaganda State Technical University,23
Kasetsart University,23
Kazakh Ablai khan University of International Relations and World Languages,22
Kent State University,23
Khon Kaen University,24
King Faisal University,22
King Mongkut's University of Technology Thonburi,24
Kuwait University,22
Kyoto Institute of Technology,22
Kyushu Institute of Technology,24
Liverpool John Moores University,23
Lodz University of Technology,22
Marquette University,22
Miami University,22
Middlesex University,24
Multimedia University (MMU),24
Mustansiriyah University,22
Nagoya Institute of Technology (NIT),22
National Chung Cheng University,22
Nicolaus Copernicus University,23
Notre Dame University-Louaize (NDU),23
Novosibirsk State Technical University,24
Ohio University,22
Politecnico di Bari,24
Pontificia Universidad Catolica del Ecuador,24
Pontificia Universidade CatÛlica do Rio Grande do Sul,23
Poznan University of Technology,24
Prince of Songkla University,22
Princess Sumaya University for Technology,24
Rhodes University,24
Riga Stradins University,24
Rikkyo University,22
Ritsumeikan University,22
Ryerson University,23
Saitama University,23
San Diego State University,23
Savitribai Phule Pune University,24
Seoul National University of Science and Technology,23
Sepuluh Nopember Institute of Technology,23
Shahid Beheshti University Tehran,24
Shanghai International Studies University,24
Sheffield Hallam University,23
Shiraz University,23
Sophia University,22
South Ural State University,24
Tallinn University,23
Technical University of Kosice,24
TecnolÛgico de Costa Rica (TEC),23
Texas Tech University,24
Thapar University,24
The Robert Gordon University,24
Tokai University,23
Tokyo University of Science,23
Universidad Austral de Chile,24
Universidad AutÛnoma de Nuevo LeÛn (UANL),24
Universidad AutÛnoma del Estado de MÈxico,24
Universidad AutÛnoma Metropolitana (UAM),23
Universidad CatÛlica AndrÈs Bello - UCAB,24
Universidad de Castilla-La Mancha,23
Universidad de la Rep˙blica (UdelaR),22
Universidad de Lima,22
Universidad de los Andes Chile,22
Universidad de los Andes MÈrida,22
Universidad de Monterrey,22
Universidad de Murcia,23
Universidad de Oviedo,23
Universidad de Puerto Rico,24
Universidad de Talca,24
Universidad del Norte,22
Universidad del Valle,22
Universidad Diego Portales,24
Universidad EAFIT,24
Universidad Nacional Costa Rica,24
Universidad Nacional de AsunciÛn,22
Universidad Nacional de CÛrdoba,24
Universidad Nacional de Mar del Plata,23
Universidad Nacional de Rosario,22
Universidad Peruana Cayetano Heredia,23
Universidad SimÛn BolÌvar Venezuela,23
Universidad TÈcnica Federico Santa MarÌa,23
Universidad TecnolÛgica de Panam· (UTP),23
Universidad TecnolÛgica Nacional (UTN),23
"Universidade Catolica Portuguesa, Lisboa",23
Universidade da CoruÒa,23
Universidade de Brasilia,22
Universidade de Vigo,24
Universidade do Estado do Rio de Janeiro (UERJ),23
Universidade Estadual de Londrina,22
Universidade Federal de S„o Carlos,24
Universidade Federal de ViÁosa,22
Universidade Federal do Paran· (UFPR),22
Universidade Federal do Pernambuco,24
Universidade Federal Fluminense,24
Universit‡ degli Studi di Catania (UniCT),23
Universit‡ degli Studi di Ferrara,22
Universit‡ degli Studi di Salerno,22
Universita degli Studi di Udine,24
Universit‡ degli Studi Roma Tre,23
Universit‡† degli Studi di Palermo,24
Universit‰t Siegen,23
UniversitÈ de Nantes,24
UniversitÈ de Poitiers,23
UniversitÈ de Rennes 1,23
UniversitÈ LumiËre Lyon 2,22
UniversitÈ Paul-ValÈry Montpellier 3,23
"UniversitÈ Toulouse 1, Capitole",22
Universiti Malaysia Sarawak (UNIMAS),23
Universiti Tenaga Nasional (UNITEN),23
Universiti Tunku Abdul Rahman (UTAR),24
University of Arkansas Fayetteville,24
University of Bahrain,22
University of Bari,23
University of Belgrade,24
University of Brighton,22
University of Bucharest,23
University of Calcutta,23
University of Central Lancashire,23
University of Dhaka,24
University of Engineering & Technology (UET) Lahore,22
University of Gdansk,23
University of Kufa,24
University of Kwazulu-Natal,24
University of Latvia,22
University of Lincoln,24
University of Lodz,23
University of Malaysia Sabah (UMS),23
University of Mississippi,22
University of Montana Missoula,24
University of Mumbai,24
University of New England,23
University of New Hampshire,23
University of Ostrava,23
University of Parma,24
University of Peradeniya,24
University of Salford,23
University of San Diego,23
University of San Francisco,22
University of Santo Tomas,24
University of Silesia,23
University of the Pacific,24
University of the Punjab,22
University of the Western Cape,22
University of Wroclaw,22
University Toulouse ñ Jean JaurËs,22
Utah State University,22
Vellore Institute of Technology (VIT),22
Verona University,23
"Vietnam National University, Hanoi",24
Voronezh State University,22
Vytautas Magnus University,24
Warsaw University of Life Sciences,22
Wroc?aw University of Science and Technology,24
Wuhan University of Technology,22
Xi'an Jiaotong-Liverpool University,22
Yeungnam University,23
Baylor College of Medicine,0
BI Norwegian Business School,0
Central European University,0
Copenhagen Business School,0
Cranfield University,0
ESCP Europe,0
"ESSEC Business School, Paris",0
"Grenoble INP, Grenoble Institute of Technology",0
HEC Paris,0
INSEAD (France),0
Jawaharlal Nehru University,0
Karolinska Institute,0
King Abdullah University of Science & Technology (KAUST),0
London Business School,0
Stockholm School of Economics,0
Universit‡ Commerciale Luigi Bocconi,0
"UniversitÈ de Technologie, CompiËgne (UTC)",0
UniversitÈ Sorbonne Nouvelle Paris 3,0
"University of California, San Francisco (UCSF)",0
"University of Economics, Prague",0
Weizmann Institute of Science,0
WHU Otto Beisheim School of Management - Koblenz,0
